,disease,gene,score
0,d0,g5,0.30815384
1,d0,g6,0.28945717
2,d0,g7,0.2887915
3,d0,g8,0.3041018
4,d0,g9,0.29970533
