node1,node2,path,AA
0,6,"{1, 3, 4}",2.974269202075413
1,6,"{0, 3, 4}",3.5067250163375387
2,6,"{3, 4}",2.0640299754485754
2,7,"{1, 4}",1.531574161186449
3,7,"{1, 4}",1.531574161186449
4,8,"{0, 1, 3, 6}",5.238324349293728
5,6,"{3, 4}",2.0640299754485754
5,7,"{1, 4}",1.531574161186449
