node1,node2,path,RA
0,6,"{1, 3, 4}",1.0333333333333332
1,6,"{0, 3, 4}",1.2
2,6,"{3, 4}",0.7
2,7,"{1, 4}",0.5333333333333333
3,7,"{1, 4}",0.5333333333333333
4,8,"{0, 1, 3, 6}",1.8333333333333333
5,6,"{3, 4}",0.7
5,7,"{1, 4}",0.5333333333333333
